序号,链接,节点数
0,https://gitlab.com/colloq168/nodefiltrate/-/raw/main/filtrate?ref_type=heads,164
1,https://oaFRKV.mcsslk.xyz/13bab22ef452476b3fde096faa255af2,39
2,https://raw.githubusercontent.com/Alvin9999/pac2/master/clash.meta2/1/config.yaml,0
3,https://raw.githubusercontent.com/Alvin9999/pac2/master/clash.meta2/13/config.yaml,0
4,https://raw.githubusercontent.com/Alvin9999/pac2/master/clash.meta2/15/config.yaml,0
5,https://raw.githubusercontent.com/Alvin9999/pac2/master/clash.meta2/2/config.yaml,0
6,https://raw.githubusercontent.com/Alvin9999/pac2/master/clash.meta2/config.yaml,0
7,https://raw.githubusercontent.com/Huibq/TrojanLinks/master/links/vmess,0
8,https://raw.githubusercontent.com/Surfboardv2ray/TGParse/main/python/hy2,2
9,https://raw.githubusercontent.com/Surfboardv2ray/TGParse/main/python/hysteria2,4
10,https://raw.githubusercontent.com/qjlxg/hy2/main/splitted/hy2,54
11,https://raw.githubusercontent.com/ripaojiedian/freenode/main/clash,25
12,https://raw.githubusercontent.com/ripaojiedian/freenode/main/sub,26
13,https://raw.githubusercontent.com/zhangkaiitugithub/passcro/main/speednodes.yaml,88
14,https://yTFG1S.absslk.xyz/c49e6bf00b1725c4981f97acd2ef4c61,37
15,dynamic://peasoft,0

总计,,399
